{
  "baseline_n5": {
    "time": 5.337040662765503,
    "quality": 0.9356941313497128
  },
  "rounding_4": {
    "time": 5.576501131057739,
    "quality": 0.9356512187731227
  },
  "rounding_3": {
    "time": 4.9239583015441895,
    "quality": 0.9369006340697635
  },
  "nb_dict_w4i5": {
    "time": 4.493919134140015,
    "quality": 0.7731489061094078
  },
  "nb_dict_w3i5": {
    "time": 3.748023748397827,
    "quality": 0.19829390414925077
  },
  "svd_skipped": {
    "time": 0,
    "quality": 0,
    "note": "incompatible"
  },
  "p_error_05": {
    "time": 4.120836496353149,
    "quality": 0.9340154636987972
  }
}